"class","sex","Freq","sum_socio","sum_class","freq_total","freq_socio","freq_class","freq_br"
"1","Masculino",761.287488563505,1226.74529643853,1747.26429205424,29.2802880216733,62.0575021378653,43.570253912101,67.2024727713168
"2","Masculino",379.531024374402,1226.74529643853,707.668876534806,14.5973470913232,30.9380460211464,53.6311595661555,27.2180337128771
"3","Masculino",36.9762123777759,1226.74529643853,56.9533149599605,1.42216201452984,3.01417192999432,64.9237228838586,2.19051211384463
"4","Masculino",48.9505711228508,1226.74529643853,64.994510980857,1.8827142739558,3.99027991099402,75.3149310366661,2.49978888387912
"1","Feminino",985.976803490732,1350.13569809133,1747.26429205424,37.9221847496435,73.0279782161599,56.429746087899,67.2024727713168
"2","Feminino",328.137852160404,1350.13569809133,707.668876534806,12.620686621554,24.3040645932323,46.3688404338445,27.2180337128771
"3","Feminino",19.9771025821845,1350.13569809133,56.9533149599605,0.76835009931479,1.4796366476663,35.0762771161414,2.19051211384463
"4","Feminino",16.0439398580062,1350.13569809133,64.994510980857,0.617074609923315,1.18832054294152,24.6850689633339,2.49978888387912
